{"cameraMode":{"drawMode":0,"name":"Shaded","section":"Shading Mode"},"sceneLighting":false,"audioPlay":false,"sceneViewState":{"showFog":true,"showMaterialUpdate":false,"showSkybox":true,"showFlares":true,"showImageEffects":true,"showParticleSystems":true},"in2DMode":false,"pivot":{"x":0.0,"y":0.7444325685501099,"z":0.17057248950004579},"rotation":{"x":-0.005065470933914185,"y":0.8261633515357971,"z":-0.5634025931358337,"w":-0.00745606143027544},"size":3.93387508392334,"orthographic":false}