{"cameraMode":{"drawMode":0,"name":"Shaded","section":"Shading Mode"},"sceneLighting":false,"audioPlay":false,"sceneViewState":{"showFog":true,"showMaterialUpdate":false,"showSkybox":true,"showFlares":true,"showImageEffects":true,"showParticleSystems":true},"in2DMode":false,"pivot":{"x":-2.016606092453003,"y":0.6956354379653931,"z":0.14458811283111573},"rotation":{"x":-0.71041339635849,"y":-0.02067841961979866,"z":0.020895954221487047,"w":-0.7031878232955933},"size":3.895132541656494,"orthographic":false}