{"cameraMode":{"drawMode":0,"name":"Shaded","section":"Shading Mode"},"sceneLighting":false,"audioPlay":false,"sceneViewState":{"showFog":true,"showMaterialUpdate":false,"showSkybox":true,"showFlares":true,"showImageEffects":true,"showParticleSystems":true},"in2DMode":false,"pivot":{"x":-0.20000000298023225,"y":-0.03999999910593033,"z":0.17000000178813935},"rotation":{"x":-0.19197537004947663,"y":0.24354174733161927,"z":-0.04924379289150238,"w":-0.9494348168373108},"size":0.7164353132247925,"orthographic":false}